ratio,accuracy
90%,0.9525252525252526
80%,0.9869318181818182
70%,0.9883116883116884
60%,0.9871212121212121
