ratio,accuracy
90%,0.9484848484848485
80%,0.9659090909090909
70%,0.9896103896103896
60%,0.9916666666666667
